{
  "positive_words": {
    "boring": 0.06194538623094559,
    "unfortunately": 0.04577716439962387,
    "excellent": 0.042273517698049545,
    "enjoyable": 0.03771509602665901,
    "great": 0.033779699355363846,
    "weak": 0.03258603811264038,
    "incredible": 0.03192237764596939,
    "hoping": 0.030399193987250328,
    "nothing": 0.030046088621020317,
    "wonderful": 0.029153304174542427,
    "job": 0.027531644329428673,
    "perfect": 0.02700280025601387,
    "script": 0.026603208854794502,
    "today": 0.025762559846043587,
    "definitely": 0.02567232958972454,
    "bad": 0.025571778416633606,
    "bit": 0.025486692786216736,
    "problem": 0.024489756673574448,
    "enjoy": 0.023135654628276825,
    "supposed": 0.022948602214455605,
    "wonder": 0.022818688303232193,
    "flawless": 0.021567897871136665,
    "minutes": 0.02117043361067772,
    "solid": 0.0210567619651556,
    "soundtrack": 0.02042500302195549,
    "best": 0.020258670672774315,
    "apparently": 0.020258642733097076,
    "fiction": 0.0192977637052536,
    "instead": 0.01922369748353958,
    "major": 0.019058022648096085
  },
  "negative_words": {
    "forgettable": 0.08634327352046967,
    "disappointing": 0.08544114232063293,
    "disappointment": 0.0792984589934349,
    "worst": 0.0778588205575943,
    "laughable": 0.07576844841241837,
    "waste": 0.07491141557693481,
    "stinker": 0.07211777567863464,
    "wasted": 0.07067671418190002,
    "poorly": 0.07024604082107544,
    "mildly": 0.06985490769147873,
    "unfunny": 0.06942097842693329,
    "awful": 0.06830112636089325,
    "dull": 0.06711123138666153,
    "horrid": 0.06691890209913254,
    "ridiculous": 0.0664401426911354,
    "dreadful": 0.06606409698724747,
    "tedious": 0.06561585515737534,
    "boring": 0.06557368487119675,
    "boredom": 0.06531186401844025,
    "wasting": 0.06516402214765549,
    "flop": 0.06501512229442596,
    "lacks": 0.06372435390949249,
    "worse": 0.06287170946598053,
    "mess": 0.0625745877623558,
    "redeeming": 0.06185084953904152,
    "avoid": 0.06164977699518204,
    "unless": 0.06154240667819977,
    "incoherent": 0.061530426144599915,
    "wooden": 0.060081422328948975,
    "unfortunately": 0.05965372547507286
  }
}